,count,mean,std,min,25%,50%,75%,max
低风险,282202.0,0.4423122621384682,0.02476778064037093,0.285,0.43,0.45,0.46,0.47
中风险,492938.0,0.5045912873424245,0.018556732858923623,0.475,0.49,0.505,0.52,0.535
高风险,273435.0,0.5684010093806571,0.025649854457440415,0.54,0.55,0.56,0.58,0.725
